fAntMac1	tRNA	trnF	mitfi	1	68	1	4.20E-13	71.1	GAA
fAntMac1	rRNA	rrnS	mitfi	68	1017	1	0	706.3	-
fAntMac1	tRNA	trnV_1	mitfi	1017	1090	1	2.40E-12	68.9	TAC
fAntMac1	rRNA	rrnL_1	mitfi	1090	1464	1	1.50E-28	116.8	-
fAntMac1	tRNA	trnQ	mitfi	1464	1534	-1	2.00E-15	74.9	TTG
fAntMac1	rep_origin	int1	mitos	1534	1796	1	1.03E+07	.	-
fAntMac1	tRNA	trnT	mitfi	1796	1865	1	1.00E-10	58.6	TGT
fAntMac1	rep_origin	int2	mitos	1865	1987	1	1.03E+07	.	-
fAntMac1	tRNA	trnV_2	mitfi	1987	2057	1	1.50E-11	65.2	TAC
fAntMac1	rRNA	rrnL_2	mitfi	2057	3740	1	0.00E+00	1160.1	-
fAntMac1	tRNA	trnL2	mitfi	3740	3814	1	7.70E-14	74.3	TAA
fAntMac1	gene	nad1	mitos	3814	4789	1	723863857.1	.	-
fAntMac1	tRNA	trnI	mitfi	4789	4862	1	3.00E-11	72.2	GAT
fAntMac1	rep_origin	int3	mitos	4862	4939	1	1.03E+07	.	-
fAntMac1	tRNA	trnM	mitfi	4939	5006	1	2.00E-12	67.5	CAT
fAntMac1	gene	nad2	mitos	5006	6050	1	3.69E+08	.	-
fAntMac1	tRNA	trnW	mitfi	6050	6147	1	1.50E-12	72.3	TCA
fAntMac1	tRNA	trnA	mitfi	6147	6217	-1	1.90E-12	75.6	TGC
fAntMac1	tRNA	trnN	mitfi	6217	6291	-1	5.50E-12	63.5	GTT
fAntMac1	tRNA	trnC	mitfi	6291	6384	-1	6.20E-11	58.7	GCA
fAntMac1	tRNA	trnY	mitfi	6384	6451	-1	2.70E-12	61.5	GTA
fAntMac1	gene	cox1	mitos	6451	8003	1	1901393653	.	-
fAntMac1	tRNA	trnS2	mitfi	8003	8077	-1	6.10E-15	78.2	TGA
fAntMac1	tRNA	trnD	mitfi	8077	8150	1	1.70E-08	56.9	GTC
fAntMac1	gene	cox2	mitos	8150	8849	1	412646594.6	.	-
fAntMac1	tRNA	trnK	mitfi	8849	8922	1	2.60E-12	62.3	TTT
fAntMac1	gene	atp8	mitos	8922	9144	1	5.82E+05	.	-
fAntMac1	gene	atp6	mitos	9144	9853	1	216117599.2	.	-
fAntMac1	gene	cox3	mitos	9853	10638	1	5.74E+08	.	-
fAntMac1	tRNA	trnG	mitfi	10638	10709	1	3.70E-12	74	TCC
fAntMac1	gene	nad3	mitos	10709	11059	1	67686065.3	.	-
fAntMac1	tRNA	trnR	mitfi	11059	11129	1	3.10E-10	62.1	TCG
fAntMac1	gene	nad4l	mitos	11129	11427	1	3.40E+07	.	-
fAntMac1	gene	nad4	mitos	11427	12798	1	1.17E+09	.	-
fAntMac1	tRNA	trnH	mitfi	12798	12867	1	2.60E-09	61.8	GTG
fAntMac1	tRNA	trnS1	mitfi	12867	12935	1	2.70E-09	48.8	GCT
fAntMac1	tRNA	trnL1	mitfi	12935	13013	1	8.40E-20	86	TAG
fAntMac1	gene	nad5	mitos	13013	14852	1	1.60E+09	.	-
fAntMac1	gene	nad6	mitos	14852	15370	-1	59231156.9	.	-
fAntMac1	tRNA	trnE	mitfi	15370	15444	-1	1.30E-13	78.7	TTC
fAntMac1	gene	cob	mitos	15444	16583	1	1187529199	.	-
fAntMac1	tRNA	trnP	mitfi	16583	16719	-1	7.50E-13	74.3	TGG
fAntMac1	rep_origin	OH	mitos	16719	19189	1	1.03E+07	.	-
