bCicMag1	tRNA	trnF	mitfi	1	68	1	1.60E-11	63.9	GAA
bCicMag1	rRNA	rrnS	mitfi	68	1039	1	0	691.6	-
bCicMag1	tRNA	trnV	mitfi	1039	1111	1	2.10E-11	64.7	TAC
bCicMag1	rRNA	rrnL	mitfi	1111	2726	1	0	1138.7	-
bCicMag1	tRNA	trnL2	mitfi	2726	2800	1	1.80E-12	68.2	TAA
bCicMag1	gene	nad1	mitos	2800	3788	1	707987856.5	.	-
bCicMag1	tRNA	trnI	mitfi	3788	3865	1	2.60E-09	62.2	GAT
bCicMag1	tRNA	trnQ	mitfi	3865	3944	-1	1.10E-15	76.1	TTG
bCicMag1	tRNA	trnM	mitfi	3944	4012	1	1.00E-14	78.2	CAT
bCicMag1	gene	nad2	mitos	4012	5053	1	469287764.8	.	-
bCicMag1	tRNA	trnW	mitfi	5053	5126	1	1.80E-12	72.2	TCA
bCicMag1	tRNA	trnA	mitfi	5126	5196	-1	1.60E-11	70.9	TGC
bCicMag1	tRNA	trnN	mitfi	5196	5271	-1	2.90E-16	82.7	GTT
bCicMag1	tRNA	trnC	mitfi	5271	5340	-1	1.60E-10	57	GCA
bCicMag1	tRNA	trnY	mitfi	5340	5410	-1	2.20E-14	70.7	GTA
bCicMag1	gene	cox1	mitos	5410	6962	1	1901785463	.	-
bCicMag1	tRNA	trnS2	mitfi	6962	7027	-1	1.80E-14	76.3	TGA
bCicMag1	tRNA	trnD	mitfi	7027	7098	1	1.80E-10	67.8	GTC
bCicMag1	gene	cox2	mitos	7098	7783	1	394635680.2	.	-
bCicMag1	tRNA	trnK	mitfi	7783	7856	1	4.80E-14	70	TTT
bCicMag1	gene	atp8	mitos	7856	8025	1	4504072.4	.	-
bCicMag1	gene	atp6	mitos	8025	8699	1	260246698.9	.	-
bCicMag1	gene	cox3	mitos	8699	9482	1	564675662.7	.	-
bCicMag1	tRNA	trnG	mitfi	9482	9551	1	7.50E-11	67.6	TCC
bCicMag1	gene	nad3	mitos	9551	9900	1	14402528.7	.	-
bCicMag1	tRNA	trnR	mitfi	9900	9976	1	2.80E-11	67.4	TCG
bCicMag1	gene	nad4l	mitos	9976	10274	1	37969978.8	.	-
bCicMag1	gene	nad4	mitos	10274	11645	1	1107628249	.	-
bCicMag1	tRNA	trnH	mitfi	11645	11715	1	5.80E-08	54.8	GTG
bCicMag1	tRNA	trnS1	mitfi	11715	11781	1	9.20E-09	46.8	GCT
bCicMag1	tRNA	trnL1	mitfi	11781	11851	1	4.70E-19	83.3	TAG
bCicMag1	gene	nad5	mitos	11851	13663	1	1595902782	.	-
bCicMag1	gene	cob_1	mitos	13663	14816	1	1222568940	.	-
bCicMag1	tRNA	trnT_1	mitfi	14816	14886	1	1.60E-12	67.1	TGT
bCicMag1	tRNA	trnP_1	mitfi	14886	14969	-1	4.30E-13	75.7	TGG
bCicMag1	gene	nad6_1	mitos	14969	15497	-1	64873626.9	.	-
bCicMag1	tRNA	trnE_1	mitfi	15497	15570	-1	2.20E-10	62.9	TTC
bCicMag1	rep_origin	OH_1	mitos	15570	17508	1	9192489.3	.	-
bCicMag1	gene	cob_2	mitos	17508	18059	1	235003770.3	.	-
bCicMag1	tRNA	trnT_2	mitfi	18059	18135	1	1.60E-12	67.1	TGT
bCicMag1	tRNA	trnP_2	mitfi	18135	18218	-1	4.30E-13	75.7	TGG
bCicMag1	gene	nad6_2	mitos	18218	18746	-1	64873626.9	.	-
bCicMag1	tRNA	trnE_2	mitfi	18746	18819	-1	2.20E-10	62.9	TTC
bCicMag1	rep_origin	OH_2	mitos	18819	21478	1	13262499.5	.	-